{
  "tests": [
    {
      "name": "test methods",
      "setup": "javac *.java",
      "run": "java -cp . Main",
      "input": "",
      "output": "   Micheal     500111      false\r\n    Dwight     500222      false\r\n       Jim     500333      false\r\n---------------------------------\r\n   Micheal     500111      false\r\n    Dwight     500222      false\r\n       Pam     500444      false\r\n       Jim     500333      false\r\n     Oscar     500555      false\r\n---------------------------------\r\n     Kelly     500777      false\r\n   Micheal     500111      false\r\n     Creed     500666      false\r\n    Dwight     500222      false\r\n       Pam     500444      false\r\n       Jim     500333      false\r\n     Oscar     500555      false\r\n---------------------------------\r\n     Kelly     500777      false\r\n     Creed     500666      false\r\n    Dwight     500222      false\r\n       Pam     500444      false\r\n       Jim     500333      false\r\n     Oscar     500555      false\r\n---------------------------------\r\n       Jim     500333       true\r\n    Dwight     500222       true\r\n     Kelly     500777      false\r\n     Creed     500666      false\r\n       Pam     500444      false\r\n     Oscar     500555      false\r\n---------------------------------\r\n    Dwight     500222       true\r\n     Kelly     500777      false\r\n     Creed     500666      false\r\n       Pam     500444      false\r\n     Oscar     500555      false\r\n       Jim     500333      false",
      "comparison": "included",
      "timeout": 10,
      "points": null
    }
  ]
}